{
  "IcoMoonType": "selection",
  "icons": [
    {
      "icon": {
        "paths": [
          "M256 85.333l-128 170.667v597.333c0 22.63 8.99 44.335 24.994 60.339s37.708 24.994 60.34 24.994h597.333c22.63 0 44.335-8.99 60.339-24.994s24.994-37.709 24.994-60.339v-597.333l-128-170.667h-512z",
          "M128 256h768",
          "M682.667 426.667c0 45.265-17.98 88.674-49.988 120.678-32.004 32.009-75.413 49.988-120.678 49.988s-88.673-17.98-120.68-49.988c-32.006-32.004-49.987-75.413-49.987-120.678"
        ],
        "attrs": [
          {
            "fill": "none",
            "strokeLinejoin": "miter",
            "strokeLinecap": "round",
            "strokeMiterlimit": "4",
            "strokeWidth": 85.33333333333333
          },
          {
            "fill": "none",
            "strokeLinejoin": "round",
            "strokeLinecap": "round",
            "strokeMiterlimit": "4",
            "strokeWidth": 85.33333333333333
          },
          {
            "fill": "none",
            "strokeLinejoin": "round",
            "strokeLinecap": "butt",
            "strokeMiterlimit": "4",
            "strokeWidth": 85.33333333333333
          }
        ],
        "isMulticolor": false,
        "isMulticolor2": false,
        "grid": 0,
        "tags": [
          "bag"
        ],
        "colorPermutations": {
          "223124224224212552552551": [
            {
              "s": 0
            },
            {
              "s": 0
            },
            {
              "s": 0
            }
          ]
        }
      },
      "attrs": [
        {
          "fill": "none",
          "strokeLinejoin": "miter",
          "strokeLinecap": "round",
          "strokeMiterlimit": "4",
          "strokeWidth": 85.33333333333333
        },
        {
          "fill": "none",
          "strokeLinejoin": "round",
          "strokeLinecap": "round",
          "strokeMiterlimit": "4",
          "strokeWidth": 85.33333333333333
        },
        {
          "fill": "none",
          "strokeLinejoin": "round",
          "strokeLinecap": "butt",
          "strokeMiterlimit": "4",
          "strokeWidth": 85.33333333333333
        }
      ],
      "properties": {
        "order": 8,
        "id": 11,
        "name": "bag",
        "prevSize": 32
      },
      "setIdx": 0,
      "setId": 4,
      "iconIdx": 0
    },
    {
      "icon": {
        "paths": [
          "M853.333 896v-85.333c0-45.265-17.98-88.674-49.988-120.678-32.004-32.009-75.413-49.988-120.678-49.988h-341.333c-45.264 0-88.673 17.98-120.68 49.988-32.006 32.004-49.987 75.413-49.987 120.678v85.333",
          "M512 469.333c94.255 0 170.667-76.41 170.667-170.667s-76.412-170.667-170.667-170.667c-94.257 0-170.667 76.41-170.667 170.667s76.41 170.667 170.667 170.667z"
        ],
        "attrs": [
          {
            "fill": "none",
            "strokeLinejoin": "round",
            "strokeLinecap": "square",
            "strokeMiterlimit": "4",
            "strokeWidth": 85.33333333333333
          },
          {
            "fill": "none",
            "strokeLinejoin": "round",
            "strokeLinecap": "round",
            "strokeMiterlimit": "4",
            "strokeWidth": 85.33333333333333
          }
        ],
        "isMulticolor": false,
        "isMulticolor2": false,
        "grid": 0,
        "tags": [
          "human"
        ],
        "colorPermutations": {
          "223124224224212552552551": [
            {
              "s": 0
            },
            {
              "s": 0
            }
          ]
        }
      },
      "attrs": [
        {
          "fill": "none",
          "strokeLinejoin": "round",
          "strokeLinecap": "square",
          "strokeMiterlimit": "4",
          "strokeWidth": 85.33333333333333
        },
        {
          "fill": "none",
          "strokeLinejoin": "round",
          "strokeLinecap": "round",
          "strokeMiterlimit": "4",
          "strokeWidth": 85.33333333333333
        }
      ],
      "properties": {
        "order": 11,
        "id": 10,
        "name": "human",
        "prevSize": 32
      },
      "setIdx": 0,
      "setId": 4,
      "iconIdx": 1
    },
    {
      "icon": {
        "paths": [
          "M5974.969 47.628h-2963.67v926.191h2963.67v-926.191z",
          "M3011.298 47.628h-2963.67v926.191h2963.67v-926.191z",
          "M447.050 307.976h164.997c26.148 0 48.69 4.537 68.525 13.607 19.837 9.071 35.164 21.771 45.082 37.193 10.819 16.329 16.229 33.566 16.229 53.522 0 20.863-4.508 37.193-12.621 51.707-9.018 13.607-20.74 25.4-36.969 34.471v2.722c20.737 6.349 37.869 19.049 52.295 36.285s20.737 38.1 20.737 63.5c0 23.585-6.311 45.356-18.032 63.5s-28.853 32.656-51.393 42.637c-21.64 9.978-47.787 15.42-77.541 15.42h-171.31v-414.563zM614.752 476.705c39.672 0 59.509-17.237 59.509-52.615 0-34.471-19.837-51.707-59.509-51.707h-93.77v104.322h93.77zM631.884 655.412c19.837 0 35.164-4.537 45.982-14.515 11.721-9.978 17.132-23.585 17.132-41.729 0-18.141-5.411-32.656-17.132-42.634-11.721-9.98-27.048-14.515-45.982-14.515h-110.902v113.393h110.902z",
          "M884.353 307.976h142.457c31.556 0 58.606 5.444 82.049 16.329s41.474 26.307 54.098 47.171c12.624 19.958 18.934 43.544 18.934 70.758 0 26.307-6.311 48.985-18.032 68.034-11.721 19.051-29.756 35.378-53.198 48.985v2.722l91.967 158.751h-82.049l-82.951-146.051h-80.243v146.051h-73.033v-412.751zM1032.221 510.269c23.442 0 42.377-6.349 55.901-18.141s20.737-29.029 20.737-50.8c0-21.773-6.311-38.1-19.837-50.8-13.524-11.793-32.458-18.144-55.901-18.144h-74.835v136.978h73.935v0.907z",
          "M1772.454 307.976h80.246l174.916 296.636v-296.636h73.033v412.751h-80.246l-169.505-287.565-5.411-9.978v296.636h-73.033v-411.843z",
          "M2239.495 307.976h132.539c44.177 0 82.946 8.166 115.405 25.4 32.458 16.329 57.701 40.822 75.752 71.666 18.027 30.841 26.148 68.034 26.148 109.763s-9.025 78.922-26.148 109.763c-17.146 30.844-42.389 55.336-75.752 71.666-32.458 16.327-71.228 25.4-115.405 25.4h-132.539v-413.658zM2369.329 655.412c45.978 0 82.056-11.793 107.299-35.378 25.243-23.588 38.769-58.966 38.769-106.136s-12.621-81.644-38.769-106.136c-25.243-23.585-61.321-35.378-107.299-35.378h-56.803v283.029h56.803z",
          "M3516.202 302.535h69.441l151.481 412.751h-76.657l-26.148-75.295h-166.793l-25.243 75.295h-77.538l151.457-412.751zM3611.791 576.491l-53.2-156.027-8.121-21.773-7.216 21.773-54.081 156.027h122.618z",
          "M1442.456 311.606h69.427l151.473 412.748h-76.638l-26.148-75.293h-166.802l-25.245 75.293h-77.541l151.473-412.748zM1538.031 585.561l-53.198-156.029-8.113-21.771-7.213 21.771-54.098 156.029h122.623z",
          "M3906.631 694.422c-31.577-18.144-56.82-42.637-75.752-75.293-18.932-32.658-27.958-68.944-27.958-110.673 0-41.727 9.025-78.922 27.958-110.671 18.932-32.656 43.294-57.151 75.752-75.293 31.553-17.237 66.703-26.307 104.591-26.307 32.458 0 62.202 5.444 88.35 17.237s46.89 28.12 64.012 48.985c16.241 20.863 27.958 45.356 33.363 72.571l-2.715 4.537-68.513 5.441c-7.216-26.307-21.647-46.263-41.484-60.778-20.718-14.515-45.080-21.771-74.823-21.771-26.148 0-49.604 6.349-70.323 18.141-19.837 12.7-35.173 29.937-45.985 51.707-10.835 21.773-16.241 47.173-16.241 76.2 0 29.029 5.406 53.522 16.241 76.2 10.812 21.773 26.148 39.915 46.866 51.707 19.837 12.7 43.294 18.144 70.346 18.144 28.839 0 53.2-7.258 73.014-21.773 19.837-14.512 33.363-34.471 41.484-60.778l67.632 5.444 2.691 4.534c-10.812 43.544-32.458 77.107-64.917 101.6-32.458 24.495-73.037 37.195-120.808 37.195-36.078 0-70.323-8.166-102.781-26.307z",
          "M4384.482 366.942h-103.686v-64.407h280.409v64.407h-103.686v348.343h-73.037v-348.343z",
          "M4679.323 302.535h73.037v412.751h-73.037v-412.751z",
          "M4859.642 302.535h79.348l90.16 279.4 9.907 28.122 9.93-28.122 90.16-279.4h79.348l-139.764 412.751h-79.324l-139.764-412.751z",
          "M5325.8 302.535h258.762v64.407h-185.749v108.856h170.413v65.315h-170.413v108.858h192.060v64.407h-265.073v-411.843z"
        ],
        "attrs": [
          {
            "fill": "none",
            "stroke": "rgb(2, 2, 3)",
            "strokeLinejoin": "miter",
            "strokeLinecap": "butt",
            "strokeMiterlimit": "10",
            "strokeWidth": 71.44186046511628
          },
          {
            "fill": "rgb(2, 2, 3)",
            "stroke": "rgb(2, 2, 3)",
            "strokeLinejoin": "miter",
            "strokeLinecap": "butt",
            "strokeMiterlimit": "10",
            "strokeWidth": 71.44186046511628
          },
          {
            "fill": "rgb(255, 255, 255)"
          },
          {
            "fill": "rgb(255, 255, 255)"
          },
          {
            "fill": "rgb(255, 255, 255)"
          },
          {
            "fill": "rgb(255, 255, 255)"
          },
          {
            "fill": "rgb(2, 2, 3)"
          },
          {
            "fill": "rgb(255, 255, 255)"
          },
          {
            "fill": "rgb(2, 2, 3)"
          },
          {
            "fill": "rgb(2, 2, 3)"
          },
          {
            "fill": "rgb(2, 2, 3)"
          },
          {
            "fill": "rgb(2, 2, 3)"
          },
          {
            "fill": "rgb(2, 2, 3)"
          }
        ],
        "width": 6025,
        "isMulticolor": true,
        "isMulticolor2": true,
        "grid": 0,
        "tags": [
          "logo"
        ],
        "colorPermutations": {
          "223124224224212552552551": [
            {
              "s": 0
            },
            {
              "f": 0,
              "s": 0
            },
            {
              "f": 2
            },
            {
              "f": 2
            },
            {
              "f": 2
            },
            {
              "f": 2
            },
            {
              "f": 0
            },
            {
              "f": 2
            },
            {
              "f": 0
            },
            {
              "f": 0
            },
            {
              "f": 0
            },
            {
              "f": 0
            },
            {
              "f": 0
            }
          ]
        }
      },
      "attrs": [
        {
          "fill": "none",
          "stroke": "rgb(2, 2, 3)",
          "strokeLinejoin": "miter",
          "strokeLinecap": "butt",
          "strokeMiterlimit": "10",
          "strokeWidth": 71.44186046511628
        },
        {
          "fill": "rgb(2, 2, 3)",
          "stroke": "rgb(2, 2, 3)",
          "strokeLinejoin": "miter",
          "strokeLinecap": "butt",
          "strokeMiterlimit": "10",
          "strokeWidth": 71.44186046511628
        },
        {
          "fill": "rgb(255, 255, 255)"
        },
        {
          "fill": "rgb(255, 255, 255)"
        },
        {
          "fill": "rgb(255, 255, 255)"
        },
        {
          "fill": "rgb(255, 255, 255)"
        },
        {
          "fill": "rgb(2, 2, 3)"
        },
        {
          "fill": "rgb(255, 255, 255)"
        },
        {
          "fill": "rgb(2, 2, 3)"
        },
        {
          "fill": "rgb(2, 2, 3)"
        },
        {
          "fill": "rgb(2, 2, 3)"
        },
        {
          "fill": "rgb(2, 2, 3)"
        },
        {
          "fill": "rgb(2, 2, 3)"
        }
      ],
      "properties": {
        "order": 13,
        "id": 9,
        "name": "logo",
        "prevSize": 32
      },
      "setIdx": 0,
      "setId": 4,
      "iconIdx": 2
    },
    {
      "icon": {
        "paths": [
          "M469.333 810.667c188.514 0 341.333-152.819 341.333-341.333s-152.819-341.333-341.333-341.333c-188.513 0-341.333 152.82-341.333 341.333s152.82 341.333 341.333 341.333z",
          "M895.996 895.996l-185.6-185.6"
        ],
        "attrs": [
          {
            "fill": "none",
            "strokeLinejoin": "round",
            "strokeLinecap": "round",
            "strokeMiterlimit": "4",
            "strokeWidth": 85.33333333333333
          },
          {
            "fill": "none",
            "strokeLinejoin": "round",
            "strokeLinecap": "square",
            "strokeMiterlimit": "4",
            "strokeWidth": 85.33333333333333
          }
        ],
        "isMulticolor": false,
        "isMulticolor2": false,
        "grid": 0,
        "tags": [
          "loupe"
        ],
        "colorPermutations": {
          "223124224224212552552551": [
            {
              "s": 0
            },
            {
              "s": 0
            }
          ]
        }
      },
      "attrs": [
        {
          "fill": "none",
          "strokeLinejoin": "round",
          "strokeLinecap": "round",
          "strokeMiterlimit": "4",
          "strokeWidth": 85.33333333333333
        },
        {
          "fill": "none",
          "strokeLinejoin": "round",
          "strokeLinecap": "square",
          "strokeMiterlimit": "4",
          "strokeWidth": 85.33333333333333
        }
      ],
      "properties": {
        "order": 15,
        "id": 8,
        "name": "loupe",
        "prevSize": 32
      },
      "setIdx": 0,
      "setId": 4,
      "iconIdx": 3
    },
    {
      "icon": {
        "paths": [
          "M52.965 474.336l0-473.159 473.159 0v473.159l-434.318 543.779-91.807-63.559 240.111-480.221h-187.145zM646.179 474.336v-473.159l473.159 0v473.159l-434.317 543.779-91.807-63.559 240.11-480.221h-187.145z"
        ],
        "attrs": [
          {
            "fill": "rgb(242, 242, 242)"
          }
        ],
        "width": 1040,
        "grid": 0,
        "tags": [
          "quoteDown"
        ],
        "isMulticolor": false,
        "isMulticolor2": false,
        "colorPermutations": {
          "223124224224212552552551": [
            {
              "f": 1
            }
          ]
        }
      },
      "attrs": [
        {
          "fill": "rgb(242, 242, 242)"
        }
      ],
      "properties": {
        "order": 16,
        "id": 7,
        "name": "quote-down",
        "prevSize": 32
      },
      "setIdx": 0,
      "setId": 4,
      "iconIdx": 4
    },
    {
      "icon": {
        "paths": [
          "M1066.372 543.779v473.159h-473.159v-473.159l434.317-543.779 91.807 63.559-240.11 480.221h187.145zM473.159 543.779v473.159h-473.159v-473.159l434.317-543.779 91.807 63.559-240.11 480.221h187.145z"
        ],
        "attrs": [
          {
            "fill": "rgb(242, 242, 242)"
          }
        ],
        "width": 1130,
        "isMulticolor": false,
        "isMulticolor2": false,
        "grid": 0,
        "tags": [
          "quoteUp"
        ],
        "colorPermutations": {
          "223124224224212552552551": [
            {
              "f": 1
            }
          ]
        }
      },
      "attrs": [
        {
          "fill": "rgb(242, 242, 242)"
        }
      ],
      "properties": {
        "order": 17,
        "id": 6,
        "name": "quote-up",
        "prevSize": 32
      },
      "setIdx": 0,
      "setId": 4,
      "iconIdx": 5
    },
    {
      "icon": {
        "paths": [
          "M673.933 692.892c-51.19 45.236-117.389 69.788-185.7 68.866-157.415 0-273.017-115.6-273.017-274.245s111.912-269.328 273.017-269.328c68.462-0.926 134.914 23.119 186.934 67.639l34.431 29.516 152.498-152.496-38.122-35.664c-92.243-82.409-212.061-127.177-335.74-125.441-282.856 0-488.233 204.148-488.233 484.544s210.297 490.695 488.233 490.695c124.85 1.673 245.697-44.032 338.198-127.902l36.893-34.436-154.956-152.493-34.436 30.744z",
          "M480.85 652.308c90.332 0 163.563-73.231 163.563-163.562 0-90.337-73.231-163.567-163.563-163.567-90.334 0-163.564 73.23-163.564 163.567 0 90.331 73.23 163.562 163.564 163.562z"
        ],
        "attrs": [
          {
            "fill": "rgb(255, 255, 255)"
          },
          {
            "fill": "rgb(255, 255, 255)"
          }
        ],
        "width": 878,
        "isMulticolor": false,
        "isMulticolor2": false,
        "grid": 0,
        "tags": [
          "social-C"
        ],
        "colorPermutations": {
          "223124224224212552552551": [
            {
              "f": 2
            },
            {
              "f": 2
            }
          ]
        }
      },
      "attrs": [
        {
          "fill": "rgb(255, 255, 255)"
        },
        {
          "fill": "rgb(255, 255, 255)"
        }
      ],
      "properties": {
        "order": 18,
        "id": 5,
        "name": "social-C",
        "prevSize": 32
      },
      "setIdx": 0,
      "setId": 4,
      "iconIdx": 6
    },
    {
      "icon": {
        "paths": [
          "M398.629 163.668h89.029v-155.063c-15.359-2.113-68.184-6.867-129.705-6.867-128.366 0-216.3 80.742-216.3 229.14v136.574h-141.653v173.347h141.653v436.175h173.674v-436.131h135.924l21.577-173.35h-157.542v-119.426c0.041-50.103 13.531-84.399 83.342-84.399z"
        ],
        "attrs": [
          {
            "fill": "rgb(255, 255, 255)"
          }
        ],
        "width": 488,
        "isMulticolor": false,
        "isMulticolor2": false,
        "grid": 0,
        "tags": [
          "social-fb"
        ],
        "colorPermutations": {
          "223124224224212552552551": [
            {
              "f": 2
            }
          ]
        }
      },
      "attrs": [
        {
          "fill": "rgb(255, 255, 255)"
        }
      ],
      "properties": {
        "order": 19,
        "id": 4,
        "name": "social-fb",
        "prevSize": 32
      },
      "setIdx": 0,
      "setId": 4,
      "iconIdx": 7
    },
    {
      "icon": {
        "paths": [
          "M974.292 288.461c-2.287-51.818-10.664-87.443-22.669-118.312-12.386-32.767-31.437-62.103-56.398-86.49-24.386-24.767-53.916-44.012-86.304-56.201-31.047-12.004-66.482-20.383-118.301-22.668-52.204-2.478-68.779-3.051-201.187-3.051-132.406 0-148.979 0.573-200.991 2.858-51.818 2.285-87.442 10.672-118.304 22.668-32.774 12.383-62.11 31.435-86.497 56.395-24.767 24.387-44.004 53.917-56.201 86.304-12.004 31.055-20.383 66.486-22.668 118.304-2.478 52.205-3.051 68.778-3.051 201.185s0.573 148.982 2.858 200.992c2.285 51.819 10.672 87.445 22.676 118.311 12.383 32.768 31.621 62.103 56.387 86.489 24.387 24.766 53.917 44.012 86.304 56.203 31.055 12.005 66.486 20.382 118.311 22.669 52.004 2.292 68.585 2.857 200.991 2.857 132.408 0 148.982-0.566 200.992-2.857 51.819-2.287 87.445-10.664 118.306-22.669 65.541-25.342 117.355-77.156 142.697-142.692 11.995-31.056 20.382-66.492 22.669-118.311 2.282-52.009 2.857-68.584 2.857-200.992s-0.195-148.98-2.477-200.992zM886.467 686.636c-2.097 47.626-10.099 73.348-16.764 90.492-16.389 42.486-50.108 76.205-92.594 92.594-17.145 6.666-43.052 14.668-90.492 16.759-51.439 2.292-66.867 2.857-196.988 2.857-130.123 0-145.743-0.566-196.996-2.857-47.628-2.092-73.348-10.094-90.494-16.759-21.143-7.817-40.388-20.197-56.008-36.391-16.194-15.818-28.577-34.87-36.391-56.008-6.668-17.15-14.668-43.062-16.759-90.497-2.292-51.439-2.858-66.872-2.858-196.993 0-130.123 0.566-145.743 2.858-196.989 2.091-47.628 10.091-73.348 16.759-90.494 7.814-21.15 20.197-40.388 36.585-56.015 15.807-16.194 34.858-28.577 56.008-36.384 17.146-6.668 43.059-14.668 90.494-16.767 51.438-2.284 66.873-2.857 196.987-2.857 130.316 0 145.744 0.573 196.993 2.857 47.631 2.099 73.348 10.099 90.497 16.767 21.143 7.806 40.385 20.19 56.008 36.384 16.194 15.814 28.574 34.865 36.391 56.015 6.666 17.146 14.668 43.051 16.764 90.494 2.287 51.438 2.857 66.866 2.857 196.989 0 130.121-0.571 145.364-2.857 196.803z",
          "M489.428 238.928c-138.306 0-250.524 112.209-250.524 250.524 0 138.318 112.217 250.524 250.524 250.524 138.318 0 250.529-112.206 250.529-250.524 0-138.315-112.211-250.524-250.529-250.524zM489.428 651.961c-89.726 0-162.508-72.772-162.508-162.509 0-89.734 72.782-162.508 162.508-162.508 89.737 0 162.509 72.775 162.509 162.508 0 89.737-72.772 162.509-162.509 162.509z",
          "M808.35 229.022c0 32.298-26.19 58.486-58.495 58.486-32.3 0-58.485-26.189-58.485-58.486 0-32.305 26.185-58.486 58.485-58.486 32.305 0 58.495 26.181 58.495 58.486z"
        ],
        "attrs": [
          {
            "fill": "rgb(255, 255, 255)"
          },
          {
            "fill": "rgb(255, 255, 255)"
          },
          {
            "fill": "rgb(255, 255, 255)"
          }
        ],
        "width": 975,
        "isMulticolor": false,
        "isMulticolor2": false,
        "grid": 0,
        "tags": [
          "social-instagram"
        ],
        "colorPermutations": {
          "223124224224212552552551": [
            {
              "f": 2
            },
            {
              "f": 2
            },
            {
              "f": 2
            }
          ]
        }
      },
      "attrs": [
        {
          "fill": "rgb(255, 255, 255)"
        },
        {
          "fill": "rgb(255, 255, 255)"
        },
        {
          "fill": "rgb(255, 255, 255)"
        }
      ],
      "properties": {
        "order": 9,
        "id": 3,
        "name": "social-instagram",
        "prevSize": 32
      },
      "setIdx": 0,
      "setId": 4,
      "iconIdx": 8
    },
    {
      "icon": {
        "paths": [
          "M974.999 976.979v-0.039h0.244v-357.669c0-174.973-37.669-309.76-242.225-309.76-98.338 0-164.328 53.963-191.269 105.123h-2.848v-88.788h-193.95v651.093h201.956v-322.399c0-84.885 16.091-166.967 121.212-166.967 103.58 0 105.126 96.871 105.126 172.413v316.991h201.752z",
          "M16.101 325.881h202.2v651.093h-202.2v-651.093z",
          "M117.11 1.738c-64.65 0-117.11 52.46-117.11 117.11s52.46 118.207 117.11 118.207c64.65 0 117.11-53.557 117.11-118.207-0.040-64.65-52.5-117.11-117.11-117.11v0z"
        ],
        "attrs": [
          {
            "fill": "rgb(255, 255, 255)"
          },
          {
            "fill": "rgb(255, 255, 255)"
          },
          {
            "fill": "rgb(255, 255, 255)"
          }
        ],
        "width": 975,
        "isMulticolor": false,
        "isMulticolor2": false,
        "grid": 0,
        "tags": [
          "social-linkedin"
        ],
        "colorPermutations": {
          "223124224224212552552551": [
            {
              "f": 2
            },
            {
              "f": 2
            },
            {
              "f": 2
            }
          ]
        }
      },
      "attrs": [
        {
          "fill": "rgb(255, 255, 255)"
        },
        {
          "fill": "rgb(255, 255, 255)"
        },
        {
          "fill": "rgb(255, 255, 255)"
        }
      ],
      "properties": {
        "order": 10,
        "id": 2,
        "name": "social-linkedin",
        "prevSize": 32
      },
      "setIdx": 0,
      "setId": 4,
      "iconIdx": 9
    },
    {
      "icon": {
        "paths": [
          "M1204.706 118.024c-44.797 19.652-92.539 32.678-142.306 39.002 51.2-30.569 90.281-78.607 108.646-136.508-47.73 28.461-100.436 48.564-156.612 59.783-45.327-48.263-109.929-78.155-180.405-78.155-136.728 0-246.811 110.983-246.811 247.040 0 19.576 1.656 38.4 5.722 56.32-205.327-10.014-387.012-108.424-509.064-258.334-21.308 36.969-33.807 79.284-33.807 124.837 0 85.534 44.047 161.355 109.704 205.252-39.68-0.753-78.607-12.273-111.586-30.419 0 0.753 0 1.732 0 2.711 0 120.019 85.609 219.708 197.873 242.673-20.104 5.496-42.014 8.132-64.753 8.132-15.812 0-31.774-0.904-46.758-4.216 32 97.805 122.805 169.714 230.776 172.045-84.028 65.735-190.72 105.339-306.221 105.339-20.254 0-39.68-0.904-59.106-3.391 109.402 70.554 239.059 110.833 378.88 110.833 454.475 0 702.946-376.471 702.946-702.793 0-10.918-0.373-21.459-0.904-31.925 49.019-34.786 90.202-78.231 123.784-128.226z"
        ],
        "attrs": [
          {
            "fill": "rgb(255, 255, 255)"
          }
        ],
        "width": 1205,
        "isMulticolor": false,
        "isMulticolor2": false,
        "grid": 0,
        "tags": [
          "social-twitter"
        ],
        "colorPermutations": {
          "223124224224212552552551": [
            {
              "f": 2
            }
          ]
        }
      },
      "attrs": [
        {
          "fill": "rgb(255, 255, 255)"
        }
      ],
      "properties": {
        "order": 12,
        "id": 1,
        "name": "social-twitter",
        "prevSize": 32
      },
      "setIdx": 0,
      "setId": 4,
      "iconIdx": 10
    },
    {
      "icon": {
        "paths": [
          "M509.893 95.366v216.469c0 18.695 1.461 32.424 4.391 41.21 4.762 13.566 15.569 20.33 32.414 20.33 18.306 0 37.175-11.328 56.584-34.059v30.218h50.007v-274.167h-49.995v209.328c-10.992 15.774-21.421 23.629-31.319 23.629-6.593 0-10.441-4.015-11.536-12.085-0.366-0.725-0.551-7.151-0.551-19.225v-201.647h-49.995z",
          "M395.603 373.376c25.273 0 44.686-9.338 58.238-28.011 10.26-13.547 15.388-35.173 15.388-64.838v-96.15c0-29.298-5.128-50.719-15.388-64.276-13.552-18.695-32.965-28.032-58.238-28.032-24.548 0-43.775 9.338-57.698 28.032-10.257 13.568-15.386 34.989-15.386 64.276v96.15c0 29.319 5.129 50.936 15.386 64.838 13.913 18.673 33.148 28.011 57.698 28.011zM371.972 174.478c0-25.264 7.878-37.899 23.63-37.899 15.742 0 23.627 12.636 23.627 37.899v115.386c0 25.653-7.885 38.463-23.627 38.463-15.755 0-23.63-12.81-23.63-38.463v-115.386z",
          "M255.5 369.536v-148.894l66.483-219.238h-56.044l-37.358 144.511-39.025-144.511h-58.239c10.257 30.781 22.158 65.035 35.714 102.739 17.213 50.569 28.379 89.387 33.518 116.5v148.883l54.951 0.009z",
          "M768.394 455.798c-16.305-14.639-35.076-23.241-56.312-25.824-67.403-7.314-169.051-10.992-304.935-10.992-135.899 0-237.362 3.667-304.397 10.992-21.617 2.576-40.474 11.185-56.595 25.824-16.121 14.683-26.744 32.792-31.872 54.41-9.532 42.496-14.282 106.579-14.282 192.307 0 87.178 4.761 151.272 14.282 192.311 4.759 21.595 15.286 39.727 31.591 54.386 16.294 14.659 35.065 23.079 56.313 25.285 67.393 7.68 169.038 11.524 304.949 11.524 135.897 0 237.544-3.844 304.935-11.524 21.24-2.206 39.924-10.626 56.044-25.285 16.108-14.659 26.734-32.792 31.874-54.386 9.519-42.5 14.281-106.602 14.281-192.311 0-87.182-4.762-151.272-14.281-192.307-4.773-21.618-15.301-39.727-31.594-54.41zM232.415 565.689h-58.791v312.639h-54.941v-312.639h-57.686v-51.641h171.43v51.641h-0.013zM380.757 878.328h-48.903v-29.688c-19.778 22.343-38.461 33.528-56.044 33.528-16.856 0-27.47-6.782-31.872-20.33-2.933-8.795-4.393-22.142-4.393-40.117v-214.835h48.903v200.015c0 11.717 0.184 18.133 0.552 19.228 1.103 7.68 4.944 11.52 11.544 11.52 9.889 0 20.33-7.68 31.323-23.075v-207.687h48.902v271.443h-0.011zM567.572 797.011c0 26.746-1.646 45.052-4.947 54.942-6.231 20.133-19.228 30.216-39.014 30.216-17.577 0-34.611-10.082-51.098-30.216v26.376h-48.904v-364.28h48.904v119.225c15.742-19.767 32.784-29.664 51.098-29.664 19.779 0 32.784 10.256 39.014 30.755 3.3 9.535 4.947 27.664 4.947 54.41v108.237zM753.282 751.959h-98.347v47.801c0 25.281 8.416 37.896 25.273 37.896 12.083 0 19.409-6.585 21.973-19.763 0.725-3.671 1.103-14.836 1.103-33.528h49.999v7.148c0 17.959-0.37 28.566-1.107 31.874-1.103 9.901-4.943 19.767-11.532 29.664-13.186 19.401-32.965 29.129-59.341 29.129-25.273 0-45.064-9.338-59.345-28.034-10.622-13.544-15.935-34.773-15.935-63.724v-95.059c0-28.928 5.128-50.176 15.384-63.744 14.281-18.676 33.875-28.014 58.793-28.014 24.537 0 43.957 9.338 58.238 28.014 9.889 13.568 14.832 34.812 14.832 63.744v56.596h0.012z",
          "M679.652 648.097c-16.486 0-24.718 12.465-24.718 37.368v25.289h49.451v-25.289c-0.012-24.895-8.243-37.368-24.734-37.368z",
          "M497.247 648.097c-8.428 0-16.675 4.033-24.722 12.107v165.368c8.050 8.070 16.293 12.083 24.722 12.083 14.281 0 21.433-12.256 21.433-36.805v-115.925c-0.012-24.552-7.152-36.829-21.433-36.829z"
        ],
        "attrs": [
          {
            "fill": "rgb(255, 255, 255)"
          },
          {
            "fill": "rgb(255, 255, 255)"
          },
          {
            "fill": "rgb(255, 255, 255)"
          },
          {
            "fill": "rgb(255, 255, 255)"
          },
          {
            "fill": "rgb(255, 255, 255)"
          },
          {
            "fill": "rgb(255, 255, 255)"
          }
        ],
        "width": 827,
        "isMulticolor": false,
        "isMulticolor2": false,
        "grid": 0,
        "tags": [
          "social-yt"
        ],
        "colorPermutations": {
          "223124224224212552552551": [
            {
              "f": 2
            },
            {
              "f": 2
            },
            {
              "f": 2
            },
            {
              "f": 2
            },
            {
              "f": 2
            },
            {
              "f": 2
            }
          ]
        }
      },
      "attrs": [
        {
          "fill": "rgb(255, 255, 255)"
        },
        {
          "fill": "rgb(255, 255, 255)"
        },
        {
          "fill": "rgb(255, 255, 255)"
        },
        {
          "fill": "rgb(255, 255, 255)"
        },
        {
          "fill": "rgb(255, 255, 255)"
        },
        {
          "fill": "rgb(255, 255, 255)"
        }
      ],
      "properties": {
        "order": 14,
        "id": 0,
        "name": "social-yt",
        "prevSize": 32
      },
      "setIdx": 0,
      "setId": 4,
      "iconIdx": 11
    }
  ],
  "height": 1024,
  "preferences": {
    "showGlyphs": true,
    "showQuickUse": true,
    "showQuickUse2": true,
    "showSVGs": true,
    "fontPref": {
      "prefix": "icon-",
      "metadata": {
        "fontFamily": "icomoon"
      },
      "metrics": {
        "emSize": 1024,
        "baseline": 6.25,
        "whitespace": 50
      },
      "embed": false
    },
    "imagePref": {
      "prefix": "icon-",
      "png": true,
      "useClassSelector": true,
      "color": 0,
      "bgColor": 16777215,
      "classSelector": ".icon",
      "name": "icomoon"
    },
    "historySize": 50,
    "showCodes": true,
    "gridSize": 16
  }
}